sals_ordr_fincial_id;old_row_data;new_row_data;dml_type;dml_timestamp;dml_created_by
1;function sensor;Granite task-force Public-key;yellow HTTP Bolivar;2022-12-12;SMTP Estates
2;HDD maximized;Table JSON Loan;salmon;2022-12-13;Virtual
3;Chief Concrete context-sensitive;Berkshire;communities maximize;2022-12-12;programming innovate parsing
4;bypassing Analyst;firewall tan XSS;compress driver;2022-12-12;best-of-breed end-to-end
5;payment Liaison Ethiopian;exploit Parkways;Inlet communities Pula;2022-12-12;Dobra Lanka
6;Principal specifically Administrator;Pizza;District bypassing;2022-12-13;California Gloves Jordan
7;bandwidth HTTP didactic;payment;transmitting Granite disintermediate;2022-12-12;calculate
8;Passage;solutions;1080p Credit;2022-12-13;Human Knoll
9;transmitter;Senior scalable;content-based;2022-12-13;Associate
10;Utah;Garden Concrete;firewall;2022-12-12;Senior grid-enabled
